{
	 "rootnode": {
		 "name": "<3DSRoot>"
		,"transformation": [
			 1
			,0
			,0
			,0
			,0
			,0
			,1
			,0
			,0
			,-1
			,0
			,0
			,0
			,0
			,0
			,1
		]
		,"children": [
			{
				 "name": "Box01"
				,"transformation": [
					 1
					,0
					,0
					,0
					,0
					,1
					,0
					,0
					,0
					,0
					,1
					,0
					,0
					,0
					,0
					,1
				]
				,"meshes": [
					 0
				]
			}
			,{
				 "name": "Box02"
				,"transformation": [
					 1
					,0
					,0
					,0
					,0
					,1
					,0
					,0
					,0
					,0
					,1
					,0
					,0
					,0
					,0
					,1
				]
				,"meshes": [
					 1
				]
			}
		]
	}
	,"flags": 8
	,"meshes": [
		{
			 "name": "0"
			,"materialindex": 0
			,"primitivetypes": 4
			,"vertices": [
				 -400
				,-500
				,0
				,400
				,-500
				,0
				,400
				,-500
				,80
				,-400
				,-500
				,80
				,400
				,-500
				,0
				,400
				,500
				,0
				,400
				,500
				,80
				,400
				,-500
				,80
				,400
				,500
				,0
				,-400
				,500
				,0
				,-400
				,500
				,80
				,400
				,500
				,80
				,-400
				,500
				,0
				,-400
				,-500
				,0
				,-400
				,-500
				,80
				,-400
				,500
				,80
				,-395
				,-495
				,80
				,-395
				,495
				,80
				,-400
				,500
				,80
				,-400
				,-500
				,80
				,400
				,-500
				,80
				,395
				,-495
				,80
				,400
				,500
				,80
				,395
				,495
				,80
				,395
				,495
				,0
				,-395
				,495
				,0
				,-400
				,500
				,0
				,400
				,500
				,0
				,395
				,-495
				,0
				,400
				,-500
				,0
				,-395
				,-495
				,2.86102e-006
				,-400
				,-500
				,0
				,395
				,495
				,0
				,395
				,495
				,80
				,-395
				,495
				,80
				,-395
				,495
				,0
				,-395
				,495
				,0
				,-395
				,495
				,80
				,-395
				,-495
				,80
				,-395
				,-495
				,2.86102e-006
				,395
				,-495
				,0
				,-395
				,-495
				,2.86102e-006
				,-395
				,-495
				,80
				,395
				,-495
				,80
				,395
				,495
				,0
				,395
				,-495
				,0
				,395
				,-495
				,80
				,395
				,495
				,80
			]
			,"normals": [
				 0
				,-1
				,0
				,0
				,-1
				,0
				,0
				,-1
				,0
				,0
				,-1
				,0
				,1
				,0
				,0
				,1
				,0
				,0
				,1
				,0
				,0
				,1
				,0
				,0
				,0
				,1
				,0
				,0
				,1
				,0
				,0
				,1
				,0
				,0
				,1
				,0
				,-1
				,0
				,0
				,-1
				,0
				,0
				,-1
				,0
				,0
				,-1
				,0
				,0
				,0
				,0
				,1
				,0
				,0
				,1
				,0
				,0
				,1
				,0
				,0
				,1
				,0
				,0
				,1
				,0
				,0
				,1
				,0
				,0
				,1
				,0
				,0
				,1
				,0
				,0
				,-1
				,-1.60732e-009
				,-1.60732e-009
				,-1
				,1.59035e-007
				,-7.99168e-010
				,-1
				,0
				,0
				,-1
				,-1.02914e-009
				,-1.02914e-009
				,-1
				,-1.10464e-009
				,1.75638e-007
				,-1
				,1.58235e-007
				,1.26269e-007
				,-1
				,3.17891e-007
				,2.54313e-007
				,-1
				,0
				,-1
				,0
				,0
				,-1
				,0
				,0
				,-1
				,0
				,0
				,-1
				,0
				,1
				,0
				,0
				,1
				,0
				,0
				,1
				,0
				,0
				,1
				,0
				,0
				,0
				,1
				,0
				,0
				,1
				,0
				,0
				,1
				,0
				,0
				,1
				,0
				,-1
				,0
				,0
				,-1
				,0
				,0
				,-1
				,0
				,0
				,-1
				,0
				,0
			]
			,"tangents": [
				 1
				,0
				,0
				,1
				,0
				,0
				,1
				,0
				,0
				,1
				,0
				,0
				,0
				,1
				,0
				,0
				,1
				,0
				,0
				,1
				,0
				,0
				,1
				,0
				,-1
				,0
				,0
				,-1
				,0
				,0
				,-1
				,0
				,0
				,-1
				,0
				,0
				,0
				,-1
				,0
				,0
				,-1
				,0
				,0
				,-1
				,0
				,0
				,-1
				,0
				,1
				,7.80057e-006
				,0
				,1
				,1.31965e-005
				,0
				,1
				,7.78242e-006
				,0
				,1
				,-5.36003e-007
				,0
				,1
				,3.97344e-007
				,0
				,1
				,2.21152e-006
				,0
				,1
				,2.38689e-006
				,0
				,1
				,3.82854e-006
				,0
				,-1
				,-1.19999e-007
				,0
				,-1
				,-6.65861e-006
				,1.60733e-009
				,-1
				,-3.85971e-006
				,-1.59034e-007
				,-1
				,-3.48194e-007
				,0
				,-1
				,-2.85552e-007
				,1.02915e-009
				,-1
				,-5.70397e-007
				,1.10454e-009
				,-1
				,-3.89899e-006
				,-1.58236e-007
				,-1
				,1.5621e-007
				,-3.17891e-007
				,1
				,0
				,0
				,1
				,0
				,0
				,1
				,0
				,0
				,1
				,0
				,0
				,0
				,1
				,0
				,0
				,1
				,0
				,0
				,1
				,0
				,0
				,1
				,0
				,-1
				,0
				,2.41437e-009
				,-1
				,0
				,3.62155e-009
				,-1
				,0
				,2.41437e-009
				,-1
				,0
				,0
				,0
				,-1
				,0
				,0
				,-1
				,0
				,0
				,-1
				,0
				,0
				,-1
				,0
			]
			,"bitangents": [
				 0
				,0
				,-1
				,0
				,0
				,-1
				,0
				,0
				,-1
				,0
				,0
				,-1
				,0
				,0
				,-1
				,0
				,0
				,-1
				,0
				,0
				,-1
				,0
				,0
				,-1
				,0
				,0
				,-1
				,0
				,0
				,-1
				,0
				,0
				,-1
				,0
				,0
				,-1
				,0
				,0
				,-1
				,0
				,0
				,-1
				,0
				,0
				,-1
				,0
				,0
				,-1
				,-1.774e-006
				,-1
				,0
				,1.60598e-007
				,-1
				,0
				,-1.32503e-006
				,-1
				,0
				,8.58559e-007
				,-1
				,0
				,-1.82519e-006
				,-1
				,0
				,-5.72452e-006
				,-1
				,0
				,-1.6687e-006
				,-1
				,0
				,-1.69182e-006
				,-1
				,0
				,-5.59769e-006
				,-1
				,0
				,-8.1471e-006
				,-1
				,1.60733e-009
				,-4.43036e-006
				,-1
				,7.98464e-010
				,1.1692e-006
				,-1
				,0
				,1.80071e-007
				,-1
				,1.02914e-009
				,-1.71712e-006
				,-1
				,-1.75638e-007
				,-1.37312e-006
				,-1
				,-1.26269e-007
				,-4.83337e-006
				,-1
				,-2.54315e-007
				,0
				,0
				,-1
				,0
				,0
				,-1
				,0
				,0
				,-1
				,0
				,0
				,-1
				,0
				,0
				,-1
				,0
				,0
				,-1
				,0
				,0
				,-1
				,0
				,0
				,-1
				,0
				,0
				,-1
				,0
				,0
				,-1
				,0
				,0
				,-1
				,0
				,0
				,-1
				,0
				,0
				,-1
				,0
				,0
				,-1
				,0
				,0
				,-1
				,0
				,0
				,-1
			]
			,"numuvcomponents": [
				 2
			]
			,"texturecoords": [
				[
					 1.00117
					,4.60012
					,8.99882
					,4.60012
					,8.99882
					,5.39988
					,1.00117
					,5.39988
					,0.00146866
					,4.60012
					,9.99853
					,4.60012
					,9.99853
					,5.39988
					,0.00146866
					,5.39988
					,1.00117
					,4.60012
					,8.99882
					,4.60012
					,8.99882
					,5.39988
					,1.00117
					,5.39988
					,0.00146866
					,4.60012
					,9.99853
					,4.60012
					,9.99853
					,5.39988
					,0.00146866
					,5.39988
					,1.05116
					,0.0514558
					,1.05116
					,9.94855
					,1.00118
					,9.99853
					,1.00117
					,0.00147045
					,8.99882
					,0.00146866
					,8.94884
					,0.051454
					,8.99883
					,9.99853
					,8.94884
					,9.94854
					,1.05116
					,9.94854
					,8.94884
					,9.94855
					,8.99882
					,9.99853
					,1.00117
					,9.99853
					,1.05116
					,0.051454
					,1.00118
					,0.00146866
					,8.94884
					,0.0514558
					,8.99883
					,0.00147045
					,8.94884
					,4.60012
					,8.94884
					,5.39988
					,1.05116
					,5.39988
					,1.05116
					,4.60012
					,9.94855
					,4.60012
					,9.94855
					,5.39988
					,0.0514558
					,5.39988
					,0.0514558
					,4.60012
					,1.05116
					,4.60012
					,8.94884
					,4.60012
					,8.94884
					,5.39988
					,1.05116
					,5.39988
					,0.0514558
					,4.60012
					,9.94855
					,4.60012
					,9.94855
					,5.39988
					,0.0514558
					,5.39988
				]
			]
			,