{
	 "rootnode": {
		 "name": "<3DSRoot>"
		,"transformation": [
			 1
			,0
			,0
			,0
			,0
			,0
			,1
			,0
			,0
			,-1
			,0
			,0
			,0
			,0
			,0
			,1
		]
		,"children": [
			{
				 "name": "Box01"
				,"transformation": [
					 1
					,0
					,0
					,0
					,0
					,1
					,0
					,0
					,0
					,0
					,1
					,0
					,0
					,0
					,0
					,1
				]
				,"meshes": [
					 0
				]
			}
			,{
				 "name": "Box02"
				,"transformation": [
					 1
					,0
					,0
					,0
					,0
					,1
					,0
					,0
					,0
					,0
					,1
					,0
					,0
					,0
					,0
					,1
				]
				,"meshes": [
					 1
				]
			}
		]
	}
	,"flags": 8
	,"meshes": [
		{
			 "name": "0"
			,"materialindex": 0
			,"primitivetypes": 4
			,"vertices": [
				 -400
				,-500
				,0
				,400
				,-500
				,0
				,400
				,-500
				,80
				,-400
				,-500
				,80
				,400
				,-500
				,0
				,400
				,500
				,0
				,400
				,500
				,80
				,400
				,-500
				,80
				,400
				,500
				,0
				,-400
				,500
				,0
				,-400
				,500
				,80
				,400
				,500
				,80
				,-400
				,500
				,0
				,-400
				,-500
				,0
				,-400
				,-500
				,80
				,-400
				,500
				,80
				,-395
				,-495
				,80
				,-395
				,495
				,80
				,-400
				,500
				,80
				,-400
				,-500
				,80
				,400
				,-500
				,80
				,395
				,-495
				,80
				,400
				,500
				,80
				,395
				,495
				,80
				,395
				,495
				,0
				,-395
				,495
				,0
				,-400
				,500
				,0
				,400
				,500
				,0
				,395
				,-495
				,0
				,400
				,-500
				,0
				,-395
				,-495
				,2.86102e-006
				,-400
				,-500
				,0
				,395
				,495
				,0
				,395
				,495
				,80
				,-395
				,495
				,80
				,-395
				,495
				,0
				,-395
				,495
				,0
				,-395
				,495
				,80
				,-395
				,-495
				,80
				,-395
				,-495
				,2.86102e-006
				,395
				,-495
				,0
				,-395
				,-495
				,2.86102e-006
				,-395
				,-495
				,80
				,395
				,-495
				,80
				,395
				,495
				,0
				,395
				,-495
				,0
				,395
				,-495
				,80
				,395
				,495
				,80
			]
			,"normals": [
				 0
				,-1
				,0
				,0
				,-1
				,0
				,0
				,-1
				,0
				,0
				,-1
				,0
				,1
				,0
				,0
				,1
				,0
				,0
				,1
				,0
				,0
				,1
				,0
				,0
				,0
				,1
				,0
				,0
				,1
				,0
				,0
				,1
				,0
				,0
				,1
				,0
				,-1
				,0
				,0
				,-1
				,0
				,0
				,-1
				,0
				,0
				,-1
				,0
				,0
				,0
				,0
				,1
				,0
				,0
				,1
				,0
				,0
				,1
				,0
				,0
				,1
				,0
				,0
				,1
				,0
				,0
				,1
				,0
				,0
				,1
				,0
				,0
				,1
				,0
				,0
				,-1
				,-1.60732e-009
				,-1.60732e-009
				,-1
				,1.59035e-007
				,-7.99168e-010
				,-1
				,0
				,0
				,-1
				,-1.02914e-009
				,-1.02914e-009
				,-1
				,-1.10464e-009
				,1.75638e-007
				,-1
				,1.58235e-007
				,1.26269e-007
				,-1
				,3.17891e-007
				,2.54313e-007
				,-1
				,0
				,-1
				,0
				,0
				,-1
				,0
				,0
				,-1
				,0
				,0
				,-1
				,0
				,1
				,0
				,0
				,1
				,0
				,0
				,1
				,0
				,0
				,1
				,0
				,0
				,0
				,1
				,0
				,0
				,1
				,0
				,0
				,1
				,0
				,0
				,1
				,0
				,-1
				,0
				,0
				,-1
				,0
				,0
				,-1
				,0
				,0
				,-1
				,0
				,0
			]
			,"tangents": [
				 1
				,0
				,0
				,1
				,0
				,0
				,1
				,0
				,0
				,1
				,0
				,0
				,0
				,1
				,0
				,0
				,1
				,0
				,0
				,1
				,0
				,0
				,1
				,0
				,-1
				,0
				,0
				,-1
				,0
				,0
				,-1
				,0
				,0
				,-1
				,0
				,0
				,0
				,-1
				,0
				,0
				,-1
				,0
				,0
				,-1
				,0
				,0
				,-1
				,0
				,-0.995902
				,0.0904338
				,0
				,-0.995902
				,0.0904362
				,0
				,-0.995902
				,0.0904338
				,0
				,-0.995903
				,0.0904297
				,0
				,-0.995903
				,0.0904314
				,0
				,-0.995903
				,0.0904309
				,0
				,-0.995903
				,0.0904299
				,0
				,-0.995903
				,0.0904321
				,0
				,-0.293124
				,0.956074
				,0
				,-0.293121
				,0.956075
				,-1.06558e-009
				,-0.293125
				,0.956074
				,-4.73811e-008
				,-0.29313
				,0.956073
				,0
				,-0.293127
				,0.956074
				,-6.82269e-010
				,-0.293128
				,0.956073
				,1.68247e-007
				,-0.293129
				,0.956073
				,7.43386e-008
				,-0.293126
				,0.956074
				,1.4996e-007
				,1
				,0
				,0
				,1
				,0
				,0
				,1
				,0
				,0
				,1
				,0
				,0
				,0
				,-1
				,0
				,0
				,-1
				,0
				,0
				,-1
				,0
				,0
				,-1
				,0
				,1
				,0
				,-2.41437e-009
				,1
				,0
				,-3.62155e-009
				,1
				,0
				,-2.41437e-009
				,1
				,0
				,0
				,0
				,1
				,0
				,0
				,1
				,0
				,0
				,1
				,0
				,0
				,1
				,0
			]
			,"bitangents": [
				 0
				,0
				,-1
				,0
				,0
				,-1
				,0
				,0
				,-1
				,0
				,0
				,-1
				,0
				,0
				,-1
				,0
				,0
				,-1
				,0
				,0
				,-1
				,0
				,0
				,-1
				,0
				,0
				,-1
				,0
				,0
				,-1
				,0
				,0
				,-1
				,0
				,0
				,-1
				,0
				,0
				,-1
				,0
				,0
				,-1
				,0
				,0
				,-1
				,0
				,0
				,-1
				,0.0904309
				,0.995903
				,0
				,0.0904327
				,0.995903
				,0
				,0.090433
				,0.995903
				,0
				,0.0904322
				,0.995903
				,0
				,0.0904305
				,0.995903
				,0
				,0.0904292
				,0.995903
				,0
				,0.0904333
				,0.995903
				,0
				,0.0904333
				,0.995903
				,0
				,-0.956075
				,-0.293124
				,0
				,-0.956074
				,-0.293127
				,2.00786e-009
				,-0.956074
				,-0.293126
				,-1.51814e-007
				,-0.956075
				,-0.293124
				,0
				,-0.956075
				,-0.293122
				,1.2856e-009
				,-0.956075
				,-0.293123
				,-5.04275e-008
				,-0.956073
				,-0.293127
				,-1.88297e-007
				,-0.956074
				,-0.293125
				,-3.78473e-007
				,0
				,0
				,-1
				,0
				,0
				,-1
				,0
				,0
				,-1
				,0
				,0
				,-1
				,0
				,0
				,1
				,0
				,0
				,1
				,0
				,0
				,1
				,0
				,0
				,1
				,0
				,0
				,1
				,0
				,0
				,1
				,0
				,0
				,1
				,0
				,0
				,1
				,0
				,0
				,1
				,0
				,0
				,1
				,0
				,0
				,1
				,0
				,0
				,1
			]
			,"numuvcomponents": [
				 2
			]
			,"texturecoords": [
				[
					 0
					,0
					,4
					,0
					,4
					,1
					,0
					,1
					,0
					,0
					,4
					,0
					,4
					,1
					,0
					,1
					,0
					,0
					,4
					,0
					,4
					,1
					,0
					,1
					,0
					,0
					,4
					,0
					,4
					,1
					,0
					,1
					,3.57185
					,0.994915
					,3.97551
					,0.071962
					,4
					,0.0677239
					,3.59226
					,1
					,0
					,0.932276
					,0.0244902
					,0.928038
					,0.407742
					,0
					,0.428155
					,0.00508465
					,3.20101
					,0.994096
					,3.97902
					,0.280194
					,4
					,0.277061
					,3.21214
					,1
					,0.0209847
					,0.719806
					,0
					,0.722939
					,0.798994
					,0.00590368
					,0.787857
					,0
					,4
					,0
					,4
					,1
					,0
					,1
					,0
					,0
					,0
					,1
					,0
					,0
					,4
					,0
					,4
					,1
					,4
					,1
					,0
					,1
					,0
					,0
					,4
					,0
					,4
					,1
					,0
					,1
					,0
					,0
					,4
					,0
				]
			]
			,